{"loss": 6.486187677383423, "_timestamp": 1716975109.067683, "_runtime": 1164.4688410758972, "_step": 80, "_wandb": {"runtime": 1164}}