{"loss": 0.12405754618346691, "_timestamp": 1717551263.5239725, "_runtime": 799.463226556778, "_step": 47, "macro_prec": 0.9349596765621738, "macro_recall": 0.9375012395359055, "macro_f1": 0.9352711945338652, "micro_prec": 0.9433836589698046, "micro_recall": 0.9433836589698046, "micro_f1": 0.9433836589698046, "weighted_prec": 0.9451845763864135, "weighted_recall": 0.9433836589698046, "weighted_f1": 0.9433992579481565, "Accuracy": 0.9433836589698046, "_wandb": {"runtime": 800}}