{"loss": 0.018490440406603737, "_timestamp": 1716314282.2083118, "_runtime": 3149.427780866623, "_step": 184, "Accuracy": 0.9995567375886525, "_wandb": {"runtime": 3143}}