{"loss": 0.003213399076194037, "_timestamp": 1716654737.1376784, "_runtime": 5541.031427383423, "_step": 387, "macro_prec": 0.996154007265644, "macro_recall": 0.9973706213572388, "macro_f1": 0.9967524457220546, "micro_prec": 0.9968916518650088, "micro_recall": 0.9968916518650088, "micro_f1": 0.9968916518650088, "weighted_prec": 0.9969079867357963, "weighted_recall": 0.9968916518650088, "weighted_f1": 0.9968923604511297, "Accuracy": 0.9968916518650088, "_wandb": {"runtime": 5539}}