{"loss": 3.5659342670440672, "_timestamp": 1716978112.0141044, "_runtime": 2878.710737466812, "_step": 191}