{"loss": 0.042252925946377216, "_timestamp": 1717418972.4230998, "_runtime": 6426.013951778412, "_step": 387, "macro_prec": 0.9923086732111882, "macro_recall": 0.9944211805477232, "macro_f1": 0.9933467386576942, "micro_prec": 0.9931172291296625, "micro_recall": 0.9931172291296625, "micro_f1": 0.9931172291296625, "weighted_prec": 0.9931538579232212, "weighted_recall": 0.9931172291296625, "weighted_f1": 0.9931187940765492, "Accuracy": 0.9931172291296625, "_wandb": {"runtime": 6419}}