{"loss": 0.2505787092447281, "_timestamp": 1716950485.6854424, "_runtime": 229.5885853767395, "_step": 15, "_wandb": {"runtime": 226}}