{"loss": 0.0008262140222359449, "_timestamp": 1717557782.983499, "_runtime": 6432.359563112259, "_step": 387, "macro_prec": 0.9965631029629106, "macro_recall": 0.9978207804482963, "macro_f1": 0.9971811803196569, "micro_prec": 0.9975577264653641, "micro_recall": 0.9975577264653641, "micro_f1": 0.9975577264653641, "weighted_prec": 0.9975754927064693, "weighted_recall": 0.9975577264653641, "weighted_f1": 0.9975593262143995, "Accuracy": 0.9975577264653641, "_wandb": {"runtime": 6427}}