{"loss": 0.0022753950080368667, "_timestamp": 1716639636.5353136, "_runtime": 6215.568455696106, "_step": 387, "macro_prec": 0.995818803871735, "macro_recall": 0.996781522937865, "macro_f1": 0.9962927984557752, "micro_prec": 0.9966696269982238, "micro_recall": 0.9966696269982238, "micro_f1": 0.9966696269982238, "weighted_prec": 0.9966782396131534, "weighted_recall": 0.9966696269982238, "weighted_f1": 0.9966687500686557, "Accuracy": 0.9966696269982238, "_wandb": {"runtime": 6213}}