{"a": 99, "_timestamp": 1716976372.9845483, "_runtime": 9.468660354614258, "_step": 3, "_wandb": {"runtime": 3}}