{"learning_rate": 1e-05, "_timestamp": 1716304146.992534, "_runtime": 32.99188494682312, "_step": 32, "loss": 0.630345151424408, "_wandb": {"runtime": 29}}