{"learning_rate": 1e-05, "_timestamp": 1716297588.8347547, "_runtime": 23.177276611328125, "_step": 8, "_wandb": {"runtime": 19}}