{"loss": 0.5308759522438049, "_timestamp": 1717342847.3499568, "_runtime": 6551.695371866226, "_step": 387, "macro_prec": 0.5466371077451491, "macro_recall": 0.542583212685074, "macro_f1": 0.5431785512470585, "micro_prec": 0.6380994671403197, "micro_recall": 0.6380994671403197, "micro_f1": 0.6380994671403197, "weighted_prec": 0.6423311807154782, "weighted_recall": 0.6380994671403197, "weighted_f1": 0.6391982218869, "Accuracy": 0.6380994671403197, "_wandb": {"runtime": 6547}}