{"loss": 3.3350653791427614, "_timestamp": 1717243476.8984475, "_runtime": 33.16541647911072, "_step": 0, "_wandb": {"runtime": 39}}