{"loss": 0.005062340419972316, "_timestamp": 1717405051.3375778, "_runtime": 6452.23743891716, "_step": 387, "macro_prec": 0.9967077775372429, "macro_recall": 0.9977144540261804, "macro_f1": 0.9972025573101276, "micro_prec": 0.9973357015985791, "micro_recall": 0.9973357015985791, "micro_f1": 0.9973357015985791, "weighted_prec": 0.9973487300985491, "weighted_recall": 0.9973357015985791, "weighted_f1": 0.9973362529811552, "Accuracy": 0.9973357015985791, "_wandb": {"runtime": 6449}}