{"loss": 0.21347414076328278, "_timestamp": 1716310877.183777, "_runtime": 453.8689901828766, "_step": 23, "Accuracy": 0.8466312056737588, "_wandb": {"runtime": 451}}