{"loss": 0.0011646701308200135, "_timestamp": 1717586161.84241, "_runtime": 6421.220425128937, "_step": 387, "macro_prec": 0.9976405740547492, "macro_recall": 0.998399484152, "macro_f1": 0.9980166339430165, "micro_prec": 0.9980017761989343, "micro_recall": 0.9980017761989343, "micro_f1": 0.9980017761989343, "weighted_prec": 0.9980084206104369, "weighted_recall": 0.9980017761989343, "weighted_f1": 0.9980025287979918, "Accuracy": 0.9980017761989343, "_wandb": {"runtime": 6412}}