{"loss": 6.467316722869873, "_timestamp": 1716973817.7377243, "_runtime": 683.7239472866058, "_step": 46}