{"loss": 0.09227651700377465, "_timestamp": 1716388488.6978152, "_runtime": 5447.409974098206, "_step": 315, "macro_prec": 0.4791743434664956, "macro_recall": 0.5291484947610502, "macro_f1": 0.4998467367972097, "micro_prec": 0.7723764164887502, "micro_recall": 0.7723764164887502, "micro_f1": 0.7723764164887502, "weighted_prec": 0.7450590543453294, "weighted_recall": 0.7723764164887502, "weighted_f1": 0.75628624858598, "Accuracy": 0.7723764164887502, "_wandb": {"runtime": 5442}}