{"loss": 0.0012236127851065247, "_timestamp": 1716865579.7666178, "_runtime": 5511.329205751419, "_step": 387, "macro_prec": 0.9964077993526743, "macro_recall": 0.997365061149351, "macro_f1": 0.9968758060380097, "micro_prec": 0.9973357015985791, "micro_recall": 0.9973357015985791, "micro_f1": 0.9973357015985791, "weighted_prec": 0.9973552529217291, "weighted_recall": 0.9973357015985791, "weighted_f1": 0.9973377343465377, "Accuracy": 0.9973357015985791, "_wandb": {"runtime": 5508}}