{"loss": 0.213757161796093, "_timestamp": 1716467635.3733897, "_runtime": 1654.437710762024, "_step": 112, "macro_prec": 0.5557095936550904, "macro_recall": 0.6160415697720968, "macro_f1": 0.5738732056583727, "micro_prec": 0.7842010182295943, "micro_recall": 0.7842010182295943, "micro_f1": 0.7842010182295943, "weighted_prec": 0.7547746491649777, "weighted_recall": 0.7842010182295943, "weighted_f1": 0.7624004277832046, "Accuracy": 0.7842010182295943, "_wandb": {"runtime": 1709}}