{"loss": 0.014451066685141995, "_timestamp": 1716630953.0270495, "_runtime": 4215.856292486191, "_step": 275, "macro_prec": 0.9983879828919137, "macro_recall": 0.9984520278561863, "macro_f1": 0.9984178148122336, "micro_prec": 0.9983361064891847, "micro_recall": 0.9983361064891847, "micro_f1": 0.9983361064891847, "weighted_prec": 0.9983388204664801, "weighted_recall": 0.9983361064891847, "weighted_f1": 0.9983357908010928, "Accuracy": 0.9983361064891847, "_wandb": {"runtime": 4150}}