{"loss": 0.000859601849806495, "_timestamp": 1716820391.575278, "_runtime": 5522.198127985001, "_step": 387, "macro_prec": 0.9964592432505796, "macro_recall": 0.9973754453336225, "macro_f1": 0.9969087873627797, "micro_prec": 0.997113676731794, "micro_recall": 0.997113676731794, "micro_f1": 0.997113676731794, "weighted_prec": 0.9971280442708397, "weighted_recall": 0.997113676731794, "weighted_f1": 0.9971140609219553, "Accuracy": 0.997113676731794, "_wandb": {"runtime": 5519}}