{"loss": 0.3374802404642105, "_timestamp": 1717330401.3784525, "_runtime": 6925.829556465149, "_step": 387, "macro_prec": 0.8032125207297961, "macro_recall": 0.7858855963536343, "macro_f1": 0.7896949239169255, "micro_prec": 0.8261545293072824, "micro_recall": 0.8261545293072824, "micro_f1": 0.8261545293072824, "weighted_prec": 0.8318580990192093, "weighted_recall": 0.8261545293072824, "weighted_f1": 0.8263654971320097, "Accuracy": 0.8261545293072824, "_wandb": {"runtime": 6920}}