{"loss": 0.0038803686801111327, "_timestamp": 1715962905.0545413, "_runtime": 2814.489470243454, "_step": 193, "macro_prec": 0.9991353220925205, "macro_recall": 0.9992432355250946, "macro_f1": 0.9991868950155377, "weighted_prec": 0.9991203742031625, "weighted_recall": 0.999113475177305, "weighted_f1": 0.9991144505330539, "_wandb": {"runtime": 2808}}