{"loss": 0.0013214903854532167, "_timestamp": 1717579257.1850839, "_runtime": 6412.171864748001, "_step": 387, "macro_prec": 0.9966199838343317, "macro_recall": 0.9979141660044282, "macro_f1": 0.9972613866687932, "micro_prec": 0.997113676731794, "micro_recall": 0.997113676731794, "micro_f1": 0.997113676731794, "weighted_prec": 0.9971249537900331, "weighted_recall": 0.997113676731794, "weighted_f1": 0.9971147229370786, "Accuracy": 0.997113676731794, "_wandb": {"runtime": 6406}}