{"loss": 1.0780907702445983, "_timestamp": 1717380009.779202, "_runtime": 6419.899276971817, "_step": 387, "macro_prec": 0.02577955397671206, "macro_recall": 0.1111111111111111, "macro_f1": 0.04184938227107987, "micro_prec": 0.23201598579040852, "micro_recall": 0.23201598579040852, "micro_f1": 0.23201598579040852, "weighted_prec": 0.05383141766229505, "weighted_recall": 0.23201598579040852, "weighted_f1": 0.08738753114109817, "Accuracy": 0.23201598579040852, "_wandb": {"runtime": 6414}}