{"loss": 6.938960304260254, "_timestamp": 1716973884.1924264, "_runtime": 83.88229441642761, "_step": 2, "_wandb": {"runtime": 93}}