{"loss": 0.0005828506959369407, "_timestamp": 1716875148.5883176, "_runtime": 5523.276622533798, "_step": 387, "macro_prec": 0.9969981694766056, "macro_recall": 0.9976799647255395, "macro_f1": 0.9973338827958934, "micro_prec": 0.9973357015985791, "micro_recall": 0.9973357015985791, "micro_f1": 0.9973357015985791, "weighted_prec": 0.9973446891326272, "weighted_recall": 0.9973357015985791, "weighted_f1": 0.9973359100054662, "Accuracy": 0.9973357015985791, "_wandb": {"runtime": 5520}}