{"loss": 0.3477301847934723, "_timestamp": 1717497998.1763783, "_runtime": 124.57549118995667, "_step": 6}