{"loss": 0.0013180278439540417, "_timestamp": 1717571324.2336056, "_runtime": 6435.5033395290375, "_step": 387, "macro_prec": 0.9958770485485368, "macro_recall": 0.9969593955406408, "macro_f1": 0.9964093040349261, "micro_prec": 0.9964476021314387, "micro_recall": 0.9964476021314387, "micro_f1": 0.9964476021314387, "weighted_prec": 0.9964621968209416, "weighted_recall": 0.9964476021314387, "weighted_f1": 0.9964485677149988, "Accuracy": 0.9964476021314387, "_wandb": {"runtime": 6432}}