{"loss": 0.020092969621764496, "_timestamp": 1716470938.632453, "_runtime": 3134.4839589595795, "_step": 211, "macro_prec": 0.9992929719492218, "macro_recall": 0.9991652907723354, "macro_f1": 0.9992277339162327, "micro_prec": 0.999113475177305, "micro_recall": 0.999113475177305, "micro_f1": 0.999113475177305, "weighted_prec": 0.999116295767933, "weighted_recall": 0.999113475177305, "weighted_f1": 0.999113347412272, "Accuracy": 0.999113475177305, "_wandb": {"runtime": 3128}}