{"loss": 0.007955115127842874, "_timestamp": 1717607906.3744261, "_runtime": 6422.888347148895, "_step": 387, "macro_prec": 0.9966681841097255, "macro_recall": 0.9977903942161773, "macro_f1": 0.9972227516174468, "micro_prec": 0.9975577264653641, "micro_recall": 0.9975577264653641, "micro_f1": 0.9975577264653641, "weighted_prec": 0.9975692896157203, "weighted_recall": 0.9975577264653641, "weighted_f1": 0.9975592593942709, "Accuracy": 0.9975577264653641, "_wandb": {"runtime": 6417}}