{"loss": 0.4064246162772179, "_timestamp": 1716381251.7055144, "_runtime": 832.2886624336243, "_step": 42, "macro_prec": 0.5065936055601108, "macro_recall": 0.5686274558108598, "macro_f1": 0.5223883923088177, "micro_prec": 0.6469042535720151, "micro_recall": 0.6469042535720151, "micro_f1": 0.6469042535720151, "weighted_prec": 0.6269576204286544, "weighted_recall": 0.6469042535720151, "weighted_f1": 0.6224815054018537, "Accuracy": 0.6469042535720151, "_wandb": {"runtime": 826}}