{"loss": 0.021805487894453107, "_timestamp": 1716956436.9198756, "_runtime": 5798.1750366687775, "_step": 387, "macro_prec": 0.9929734875538743, "macro_recall": 0.9926657861017237, "macro_f1": 0.9927956488426499, "micro_prec": 0.9940053285968028, "micro_recall": 0.9940053285968028, "micro_f1": 0.9940053285968028, "weighted_prec": 0.9940392152513972, "weighted_recall": 0.9940053285968028, "weighted_f1": 0.9940042331988655, "Accuracy": 0.9940053285968028, "_wandb": {"runtime": 5792}}