{"loss": 0.0009346367412945255, "_timestamp": 1716889501.577484, "_runtime": 5788.470006942749, "_step": 387, "macro_prec": 0.9978623509418567, "macro_recall": 0.9985058105741158, "macro_f1": 0.9981808729931834, "micro_prec": 0.9982238010657194, "micro_recall": 0.9982238010657194, "micro_f1": 0.9982238010657194, "weighted_prec": 0.9982295573777549, "weighted_recall": 0.9982238010657194, "weighted_f1": 0.9982243798201794, "Accuracy": 0.9982238010657194, "_wandb": {"runtime": 5785}}