{"loss": 2.7542774438858033, "_timestamp": 1716972493.9860435, "_runtime": 5566.142952442169, "_step": 389}