{"loss": 1.0247549724578857, "_timestamp": 1717245963.3259435, "_runtime": 1806.3334834575653, "_step": 119, "_wandb": {"runtime": 1811}}