{"loss": 0.18499625682830811, "_timestamp": 1717323122.6476235, "_runtime": 792.7807946205139, "_step": 47, "macro_prec": 0.9123037416734161, "macro_recall": 0.9074159599416673, "macro_f1": 0.9087828363872096, "micro_prec": 0.9260657193605684, "micro_recall": 0.9260657193605684, "micro_f1": 0.9260657193605684, "weighted_prec": 0.9280124237650129, "weighted_recall": 0.9260657193605684, "weighted_f1": 0.926269266386587, "Accuracy": 0.9260657193605684, "_wandb": {"runtime": 806}}