{"loss": 0.40592977732419966, "_timestamp": 1716373006.403425, "_runtime": 510.18678402900696, "_step": 34, "_wandb": {"runtime": 665}}