{"a": 3.96, "_timestamp": 1716976419.9221866, "_runtime": 9.55201768875122, "_step": 3}