{"loss": 0.22024620942771433, "_timestamp": 1716309504.4551024, "_runtime": 327.6550555229187, "_step": 21, "_wandb": {"runtime": 390}}