{"loss": 0.0007821835408685729, "_timestamp": 1716809173.3901656, "_runtime": 5540.6169526577, "_step": 387, "macro_prec": 0.9971258354588558, "macro_recall": 0.9978967206382932, "macro_f1": 0.9975070412354005, "micro_prec": 0.9977797513321492, "micro_recall": 0.9977797513321492, "micro_f1": 0.9977797513321492, "weighted_prec": 0.9977855137504428, "weighted_recall": 0.9977797513321492, "weighted_f1": 0.9977799073354382, "Accuracy": 0.9977797513321492, "_wandb": {"runtime": 5539}}