{"loss": 3.3388399505615234, "_timestamp": 1716981671.4865503, "_runtime": 2880.674165248871, "_step": 199}