{"loss": 4.844402318000793, "_timestamp": 1716966737.0094006, "_runtime": 603.6193385124207, "_step": 40, "_wandb": {"runtime": 612}}