{"loss": 0.09140163261443376, "_timestamp": 1716460232.379728, "_runtime": 5495.532385110855, "_step": 315, "macro_prec": 0.4786973552423906, "macro_recall": 0.5282776050400023, "macro_f1": 0.49936660141261335, "micro_prec": 0.7710625718508787, "micro_recall": 0.7710625718508787, "micro_f1": 0.7710625718508787, "weighted_prec": 0.7437312291143067, "weighted_recall": 0.7710625718508787, "weighted_f1": 0.755066376544308, "Accuracy": 0.7710625718508787, "_wandb": {"runtime": 5489}}