{"loss": 0.04539079641923308, "_timestamp": 1717381550.1497552, "_runtime": 1343.1249623298645, "_step": 83, "macro_prec": 0.9306664952697624, "macro_recall": 0.9356555867252592, "macro_f1": 0.932593728285154, "micro_prec": 0.94449378330373, "micro_recall": 0.94449378330373, "micro_f1": 0.94449378330373, "weighted_prec": 0.9446691540190818, "weighted_recall": 0.94449378330373, "weighted_f1": 0.944283378490563, "Accuracy": 0.94449378330373, "_wandb": {"runtime": 1339}}