{"loss": 0.15315948083996772, "_timestamp": 1716195739.5061908, "_runtime": 486.90615487098694, "_step": 29, "macro_prec": 0.8157750706353722, "macro_recall": 0.7789176064778025, "macro_f1": 0.786499846054631, "weighted_prec": 0.8710255658602798, "weighted_recall": 0.8674645390070922, "weighted_f1": 0.864009844987234, "_wandb": {"runtime": 487}}