{"loss": 0.0005048279007314704, "_timestamp": 1716882044.5862777, "_runtime": 5236.868153810501, "_step": 387, "macro_prec": 0.9970561286045592, "macro_recall": 0.9976033275869999, "macro_f1": 0.9973263944777907, "micro_prec": 0.9977797513321492, "micro_recall": 0.9977797513321492, "micro_f1": 0.9977797513321492, "weighted_prec": 0.9977846015967512, "weighted_recall": 0.9977797513321492, "weighted_f1": 0.9977795988287965, "Accuracy": 0.9977797513321492, "_wandb": {"runtime": 5234}}