{"loss": 0.017130514265736564, "_timestamp": 1715982014.2912815, "_runtime": 3120.1758105754852, "_step": 193, "macro_prec": 0.9996494917630565, "macro_recall": 0.9997263273125342, "macro_f1": 0.9996874639495942, "weighted_prec": 0.9995581358927893, "weighted_recall": 0.9995567375886525, "weighted_f1": 0.9995568144355514, "_wandb": {"runtime": 3115}}