{"loss": 0.12171686366200447, "_timestamp": 1717506592.879518, "_runtime": 798.3383650779724, "_step": 47, "macro_prec": 0.877467423578294, "macro_recall": 0.8886217224937769, "macro_f1": 0.8801047177593859, "micro_prec": 0.9016429840142096, "micro_recall": 0.9016429840142096, "micro_f1": 0.9016429840142096, "weighted_prec": 0.9068344432299275, "weighted_recall": 0.9016429840142096, "weighted_f1": 0.9019986798958866, "Accuracy": 0.9016429840142096, "_wandb": {"runtime": 800}}