{"loss": 1.0599054193496704, "_timestamp": 1717243907.983771, "_runtime": 328.89315819740295, "_step": 20, "_wandb": {"runtime": 335}}