{"loss": 1.5172478032112122, "_timestamp": 1717123500.0943236, "_runtime": 126330.17969155312, "_step": 8871, "_wandb": {"runtime": 126334}}