{"loss": 0.021081848220201208, "_timestamp": 1716540224.6918018, "_runtime": 2817.6432518959045, "_step": 211, "macro_prec": 0.9990584752145932, "macro_recall": 0.9988845764707833, "macro_f1": 0.9989686919456512, "micro_prec": 0.999113475177305, "micro_recall": 0.999113475177305, "micro_f1": 0.999113475177305, "weighted_prec": 0.9991172312602257, "weighted_recall": 0.999113475177305, "weighted_f1": 0.9991133003365482, "Accuracy": 0.999113475177305, "_wandb": {"runtime": 2811}}