{"loss": 2.858585753440857, "_timestamp": 1716997128.9165378, "_runtime": 11745.707229852676, "_step": 819}