{"loss": 0.003476645960472524, "_timestamp": 1717496365.4820597, "_runtime": 6457.712546825409, "_step": 387, "macro_prec": 0.9953159335222657, "macro_recall": 0.9966855912314192, "macro_f1": 0.9959823294402808, "micro_prec": 0.9962255772646537, "micro_recall": 0.9962255772646537, "micro_f1": 0.9962255772646537, "weighted_prec": 0.9962513560492265, "weighted_recall": 0.9962255772646537, "weighted_f1": 0.9962260659258191, "Accuracy": 0.9962255772646537, "_wandb": {"runtime": 6450}}