{"loss": 0.0009560314525151625, "_timestamp": 1716826659.439111, "_runtime": 5510.275736093521, "_step": 387, "macro_prec": 0.9973113313691301, "macro_recall": 0.9981209072040763, "macro_f1": 0.9977123745623637, "micro_prec": 0.9977797513321492, "micro_recall": 0.9977797513321492, "micro_f1": 0.9977797513321492, "weighted_prec": 0.9977884767427296, "weighted_recall": 0.9977797513321492, "weighted_f1": 0.9977807564058604, "Accuracy": 0.9977797513321492, "_wandb": {"runtime": 5508}}